PANo,Constituency Name,Constituency ID,Constituency Type,Electorate,Valid Votes,
1,Aberavon,W07000049,County,49821,31523,
2,Aberconwy,W07000058,County,45540,30148,
3,Aberdeen North,S14000001,Burgh,67745,43936,
4,Aberdeen South,S14000002,Burgh,68056,48551,
5,West Aberdeenshire and Kincardine,S14000058,County,73445,55196,
6,Airdrie and Shotts,S14000003,County,66715,44286,
7,Aldershot,E14000530,Borough,72434,46191,
8,Aldridge-Brownhills,E14000531,Borough,60215,39497,
9,Altrincham and Sale West,E14000532,Borough,72004,50517,
10,Alyn and Deeside,W07000043,County,62016,41314,
11,Amber Valley,E14000533,County,70226,45717,
12,Angus,S14000004,County,65792,44485,
13,East Antrim,N06000005,County,62810,33497,
14,North Antrim,N06000012,County,75874,41907,
15,South Antrim,N06000014,County,67423,36523,
16,Arfon,W07000057,County,40492,26837,
17,Argyll and Bute,S14000005,County,68875,51883,
18,Arundel and South Downs,E14000534,County,77272,56477,
19,Ashfield,E14000535,County,77126,47409,
20,Ashford,E14000536,County,85189,57372,
21,Ashton-under-Lyne,E14000537,Borough,67714,38918,
22,Aylesbury,E14000538,County,80611,55419,
23,"Ayr, Carrick and Cumnock",S14000006,County,72985,52209,
24,Central Ayrshire,S14000010,County,69982,50774,
25,North Ayrshire and Arran,S14000048,County,75772,53869,
26,Banbury,E14000539,County,86420,58008,
27,Banff and Buchan,S14000007,County,68609,45629,
28,Barking,E14000540,Borough,74004,43023,
29,Barnsley Central,E14000541,Borough,64534,36560,
30,Barnsley East,E14000542,County,69135,38517,
31,Barrow and Furness,E14000543,County,68338,43275,
32,Basildon and Billericay,E14000544,Borough,68459,43028,
33,South Basildon and East Thurrock,E14000933,County,73210,45593,
34,Basingstoke,E14000545,Borough,79662,53076,
35,Bassetlaw,E14000546,County,77480,49289,
36,Bath,E14000547,Borough,60869,47167,
37,Batley and Spen,E14000548,Borough,78373,50479,
38,Battersea,E14000549,Borough,76106,51031,
39,Beaconsfield,E14000550,County,76380,53163,
40,Beckenham,E14000551,Borough,67436,48803,
41,Bedford,E14000552,Borough,69311,46086,
42,Mid Bedfordshire,E14000813,County,81144,58060,
43,North East Bedfordshire,E14000841,County,83551,58672,
44,South West Bedfordshire,E14000949,County,79664,51304,
45,Belfast East,N06000001,Borough,63154,39682,
46,Belfast North,N06000002,Borough,68552,40593,
47,Belfast South,N06000003,Borough,64912,38957,
48,Belfast West,N06000004,Borough,62685,35329,
49,Bermondsey and Old Southwark,E14000553,Borough,80604,51424,
50,Berwick-upon-Tweed,E14000554,County,58098,40423,
51,"Berwickshire, Roxburgh and Selkirk",S14000008,County,74179,55038,
52,Bethnal Green and Bow,E14000555,Borough,82825,52924,
53,Beverley and Holderness,E14000556,County,80822,52677,
54,Bexhill and Battle,E14000557,County,78796,55218,
55,Bexleyheath and Crayford,E14000558,Borough,64828,43685,
56,Birkenhead,E14000559,Borough,62438,39144,
57,"Birmingham, Edgbaston",E14000560,Borough,65591,41293,
58,"Birmingham, Erdington",E14000561,Borough,65128,34684,
59,"Birmingham, Hall Green",E14000562,Borough,76330,47046,
60,"Birmingham, Hodge Hill",E14000563,Borough,75302,41039,
61,"Birmingham, Ladywood",E14000564,Borough,68128,35916,
62,"Birmingham, Northfield",E14000565,Borough,71428,42461,
63,"Birmingham, Perry Barr",E14000566,Borough,69943,41260,
64,"Birmingham, Selly Oak",E14000567,Borough,75092,45294,
65,"Birmingham, Yardley",E14000568,Borough,72146,41151,
66,Bishop Auckland,E14000569,County,66089,39389,
67,Blackburn,E14000570,Borough,73265,43999,
68,Blackley and Broughton,E14000571,Borough,71900,37112,
69,Blackpool North and Cleveleys,E14000572,Borough,62469,39393,
70,Blackpool South,E14000573,Borough,57411,32436,
71,Blaenau Gwent,W07000072,County,51332,31683,
72,Blaydon,E14000574,Borough,67706,44936,
73,Blyth Valley,E14000575,Borough,63958,38461,
74,Bognor Regis and Littlehampton,E14000576,County,73095,47116,
75,Bolsover,E14000577,County,71976,43998,
76,Bolton North East,E14000578,Borough,67901,43161,
77,Bolton South East,E14000579,Borough,69692,40743,
78,Bolton West,E14000580,County,72727,48592,
79,Bootle,E14000581,Borough,70137,45152,
80,Boston and Skegness,E14000582,County,67834,43339,
81,Bosworth,E14000583,County,79742,53582,
82,Bournemouth East,E14000584,Borough,71956,44827,
83,Bournemouth West,E14000585,Borough,72082,41773,
84,Bracknell,E14000586,County,78131,53086,
85,Bradford East,E14000587,Borough,66123,41406,
86,Bradford South,E14000588,Borough,63670,37600,
87,Bradford West,E14000589,Borough,63371,40290,
88,Braintree,E14000590,County,73557,50283,
89,Brecon and Radnorshire,W07000068,County,54311,40074,
90,Brent Central,E14000591,Borough,77038,47032,
91,Brent North,E14000592,Borough,82196,52235,
92,Brentford and Isleworth,E14000593,Borough,84557,57355,
93,Brentwood and Ongar,E14000594,County,72461,51897,
94,Bridgend,W07000073,County,59998,39453,
95,Bridgwater and West Somerset,E14000595,County,80491,54447,
96,Brigg and Goole,E14000596,County,68486,43270,
97,"Brighton, Kemptown",E14000597,Borough,67858,45306,
98,"Brighton, Pavilion",E14000598,Borough,76557,54676,
99,Bristol East,E14000599,Borough,71965,46213,
100,Bristol North West,E14000600,Borough,76626,51805,
101,Bristol South,E14000601,Borough,81996,50842,
102,Bristol West,E14000602,Borough,89198,64218,
103,Broadland,E14000603,County,74680,53089,
104,Bromley and Chislehurst,E14000604,Borough,65476,44066,
105,Bromsgrove,E14000605,County,73329,52245,
106,Broxbourne,E14000606,Borough,72944,46024,
107,Broxtowe,E14000607,County,71865,53440,
108,Buckingham,E14000608,County,77572,53692,
109,Burnley,E14000609,Borough,64486,39746,
110,Burton,E14000610,County,75300,49334,
111,Bury North,E14000611,Borough,67580,45230,
112,Bury South,E14000612,Borough,73883,47215,
113,Bury St Edmunds,E14000613,County,85993,59341,
114,Caerphilly,W07000076,County,62793,40283,
115,"Caithness, Sutherland and Easter Ross",S14000009,County,47558,34186,
116,Calder Valley,E14000614,County,77753,53541,
117,Camberwell and Peckham,E14000615,Borough,80507,51561,
118,Camborne and Redruth,E14000616,County,66944,45868,
119,Cambridge,E14000617,Borough,83384,51774,
120,North East Cambridgeshire,E14000842,County,82990,51780,
121,North West Cambridgeshire,E14000855,County,91783,61100,
122,South Cambridgeshire,E14000934,County,84132,61540,
123,South East Cambridgeshire,E14000937,County,84570,59506,
124,Cannock Chase,E14000618,County,74531,47099,
125,Canterbury,E14000619,County,83481,53465,
126,Cardiff Central,W07000050,Borough,57454,38646,
127,Cardiff North,W07000051,Borough,67193,51151,
128,Cardiff South and Penarth,W07000080,Borough,75714,46667,
129,Cardiff West,W07000079,Borough,66758,43792,
130,Carlisle,E14000620,County,65827,42587,
131,Carmarthen East and Dinefwr,W07000067,County,55750,39399,
132,Carmarthen West and South Pembrokeshire,W07000066,County,57755,40350,
133,Carshalton and Wallington,E14000621,Borough,69866,47613,
134,Castle Point,E14000622,Borough,68170,45450,
135,Ceredigion,W07000064,County,54215,37416,
136,Charnwood,E14000625,County,77269,52261,
137,Chatham and Aylesford,E14000626,County,68625,43073,
138,Cheadle,E14000627,Borough,73239,53095,
139,Chelmsford,E14000628,Borough,78580,53817,
140,Chelsea and Fulham,E14000629,Borough,63478,40226,
141,Cheltenham,E14000630,Borough,77286,53735,
142,Chesham and Amersham,E14000631,County,73423,52731,
143,City of Chester,E14000640,County,72269,51161,
144,Chesterfield,E14000632,Borough,72078,45567,
145,Chichester,E14000633,County,83575,57139,
146,Chingford and Woodford Green,E14000634,Borough,66691,43804,
147,Chippenham,E14000635,County,74225,55407,
148,Chipping Barnet,E14000636,Borough,77853,53013,
149,Chorley,E14000637,County,74679,51712,
150,Christchurch,E14000638,County,69302,49707,
151,Cities of London and Westminster,E14000639,Borough,60992,36185,
152,Clacton,E14000642,County,68936,44207,
153,Cleethorpes,E14000643,County,70514,45089,
154,Clwyd South,W07000062,County,54996,35064,
155,Clwyd West,W07000059,County,58657,38028,
156,"Coatbridge, Chryston and Bellshill",S14000011,Burgh,73813,50698,
157,Colchester,E14000644,Borough,74203,48593,
158,Colne Valley,E14000645,County,82510,56800,
159,Congleton,E14000646,County,72398,50976,
160,Copeland,E14000647,County,62119,39631,
161,Corby,E14000648,County,79775,56174,
162,North Cornwall,E14000837,County,67192,48245,
163,South East Cornwall,E14000938,County,71071,50498,
164,The Cotswolds,E14000991,County,78292,56667,
165,Coventry North East,E14000649,Borough,76401,42231,
166,Coventry North West,E14000650,Borough,74597,45246,
167,Coventry South,E14000651,Borough,71380,43699,
168,Crawley,E14000652,Borough,73940,48550,
169,Crewe and Nantwich,E14000653,County,74039,49896,
170,Croydon Central,E14000654,Borough,78171,52941,
171,Croydon North,E14000655,Borough,85951,53522,
172,Croydon South,E14000656,Borough,82010,57712,
173,"Cumbernauld, Kilsyth and Kirkintilloch East",S14000012,County,67009,49382,
174,Cynon Valley,W07000070,County,51421,30472,
175,Dagenham and Rainham,E14000657,Borough,69049,43050,
176,Darlington,E14000658,Borough,65832,41141,
177,Dartford,E14000659,County,76686,52418,
178,Daventry,E14000660,County,72753,52518,
179,Delyn,W07000042,County,53639,37457,
180,Denton and Reddish,E14000661,Borough,66574,38681,
181,Derby North,E14000662,Borough,64739,44745,
182,Derby South,E14000663,Borough,70247,40820,
183,Derbyshire Dales,E14000664,County,63470,47361,
184,Mid Derbyshire,E14000814,County,67576,47729,
185,North East Derbyshire,E14000843,County,71456,47948,
186,South Derbyshire,E14000935,County,74395,50762,
187,Devizes,E14000665,County,69211,49006,
188,Central Devon,E14000623,County,72737,54448,
189,East Devon,E14000678,County,74224,54717,
190,North Devon,E14000838,County,74737,52320,
191,South West Devon,E14000950,County,71035,50372,
192,Torridge and West Devon,E14001000,County,78582,56584,
193,Dewsbury,E14000666,County,79765,53630,
194,Don Valley,E14000667,County,71299,42486,
195,Doncaster Central,E14000668,Borough,71136,40420,
196,Doncaster North,E14000669,County,70898,39501,
197,Mid Dorset and North Poole,E14000815,County,68917,46499,
198,North Dorset,E14000839,County,74576,53385,
199,South Dorset,E14000936,County,71974,48597,
200,West Dorset,E14001031,County,78427,56458,
201,Dover,E14000670,County,72929,50224,
202,North Down,N06000013,County,64207,35947,
203,South Down,N06000015,County,75215,42697,
204,Dudley North,E14000671,Borough,60718,37992,
205,Dudley South,E14000672,Borough,60363,38210,
206,Dulwich and West Norwood,E14000673,Borough,75244,51362,
207,Dumfries and Galloway,S14000013,County,75249,56602,
208,"Dumfriesshire, Clydesdale and Tweeddale",S14000014,County,68483,52134,
209,East Dunbartonshire,S14000018,County,66966,54871,
210,West Dunbartonshire,S14000059,County,69193,51141,
211,Dundee East,S14000015,Burgh,66960,48185,
212,Dundee West,S14000016,Burgh,66287,44714,
213,Dunfermline and West Fife,S14000017,County,78037,55890,
214,City of Durham,E14000641,County,68741,45669,
215,North Durham,E14000840,County,65373,40146,
216,North West Durham,E14000856,County,69817,42818,
217,Dwyfor Meirionnydd,W07000061,County,44395,28913,
218,Ealing Central and Acton,E14000674,Borough,71238,50894,
219,Ealing North,E14000675,Borough,73836,48510,
220,"Ealing, Southall",E14000676,Borough,65495,43321,
221,Easington,E14000677,County,61675,34624,
222,East Ham,E14000679,Borough,87378,52290,
223,"East Kilbride, Strathaven and Lesmahagow",S14000019,County,83071,60539,
224,East Lothian,S14000020,County,79481,59014,
225,Eastbourne,E14000684,Borough,78262,52907,
226,Eastleigh,E14000685,Borough,79609,55505,
227,Eddisbury,E14000686,County,68636,47352,
228,Edinburgh East,S14000022,Burgh,66178,47089,
229,Edinburgh North and Leith,S14000023,Burgh,80978,58008,
230,Edinburgh South,S14000024,Burgh,65846,49286,
231,Edinburgh South West,S14000025,Burgh,72178,51602,
232,Edinburgh West,S14000026,Burgh,71749,54858,
233,Edmonton,E14000687,Borough,66015,41338,
234,Ellesmere Port and Neston,E14000688,County,68134,46727,
235,Elmet and Rothwell,E14000689,County,79143,57797,
236,Eltham,E14000690,Borough,63998,43157,
237,Enfield North,E14000691,Borough,68119,46137,
238,"Enfield, Southgate",E14000692,Borough,64938,45812,
239,Epping Forest,E14000693,County,73545,49348,
240,Epsom and Ewell,E14000694,Borough,78633,57143,
241,Erewash,E14000695,County,71937,48322,
242,Erith and Thamesmead,E14000696,Borough,69787,42617,
243,Esher and Walton,E14000697,Borough,79894,56976,
244,Exeter,E14000698,Borough,76964,54018,
245,Falkirk,S14000028,County,83380,60340,
246,Fareham,E14000699,County,77233,54700,
247,Faversham and Mid Kent,E14000700,County,69523,45803,
248,Feltham and Heston,E14000701,Borough,82328,49405,
249,Fermanagh and South Tyrone,N06000007,County,70106,50864,
250,North East Fife,S14000049,County,62003,45263,
251,Filton and Bradley Stoke,E14000702,County,70722,49101,
252,Finchley and Golders Green,E14000703,Borough,72049,50759,
253,Folkestone and Hythe,E14000704,County,83612,55010,
254,Forest of Dean,E14000705,County,69882,49520,
255,Foyle,N06000008,County,70035,37002,
256,Fylde,E14000706,County,65679,43557,
257,Gainsborough,E14000707,County,73212,49261,
258,Garston and Halewood,E14000708,Borough,74063,48983,
259,Gateshead,E14000709,Borough,63910,37949,
260,Gedling,E14000710,County,70046,47998,
261,Gillingham and Rainham,E14000711,Borough,72609,47078,
262,Glasgow Central,S14000029,Burgh,70945,39318,
263,Glasgow East,S14000030,Burgh,70378,42417,
264,Glasgow North,S14000031,Burgh,58875,36922,
265,Glasgow North East,S14000032,Burgh,66678,37857,
266,Glasgow North West,S14000033,Burgh,68418,43854,
267,Glasgow South,S14000034,Burgh,74051,48778,
268,Glasgow South West,S14000035,Burgh,66209,40921,
269,Glenrothes,S14000036,County,69781,47598,
270,Gloucester,E14000712,Borough,82949,52575,
271,Gordon,S14000037,County,79393,58161,
272,Gosport,E14000713,Borough,73271,47665,
273,Gower,W07000046,County,61820,42758,
274,Grantham and Stamford,E14000714,County,81151,53755,
275,Gravesham,E14000715,County,74307,50139,
276,Great Grimsby,E14000716,Borough,58484,33731,
277,Great Yarmouth,E14000717,County,69793,44469,
278,Greenwich and Woolwich,E14000718,Borough,73315,46716,
279,Guildford,E14000719,County,76554,53986,
280,Hackney North and Stoke Newington,E14000720,Borough,83195,49887,
281,Hackney South and Shoreditch,E14000721,Borough,79962,47610,
282,Halesowen and Rowley Regis,E14000722,Borough,74203,43818,
283,Halifax,E14000723,Borough,70461,43753,
284,Haltemprice and Howden,E14000724,County,71205,48757,
285,Halton,E14000725,County,72818,45023,
286,Hammersmith,E14000726,Borough,72254,47960,
287,East Hampshire,E14000680,County,72600,51649,
288,North East Hampshire,E14000844,County,74025,54000,
289,North West Hampshire,E14000857,County,79223,55195,
290,Hampstead and Kilburn,E14000727,Borough,80241,53964,
291,Harborough,E14000728,County,77760,52471,
292,Harlow,E14000729,County,67994,44251,
293,Harrogate and Knaresborough,E14000730,County,77379,53376,
294,Harrow East,E14000731,Borough,70980,49000,
295,Harrow West,E14000732,Borough,69643,46603,
296,Hartlepool,E14000733,Borough,69516,39490,
297,Harwich and North Essex,E14000734,County,69289,48432,
298,Hastings and Rye,E14000735,County,75095,50927,
299,Havant,E14000736,Borough,70573,44828,
300,Hayes and Harlington,E14000737,Borough,74875,45056,
301,Hazel Grove,E14000738,County,63098,43219,
302,Hemel Hempstead,E14000739,County,74616,49633,
303,Hemsworth,E14000740,County,72714,42406,
304,Hendon,E14000741,Borough,74658,49630,
305,Henley,E14000742,County,78243,55236,
306,Hereford and South Herefordshire,E14000743,County,70711,47257,
307,North Herefordshire,E14000847,County,66683,48023,
308,Hertford and Stortford,E14000744,County,78906,56277,
309,North East Hertfordshire,E14000845,County,73944,52287,
310,South West Hertfordshire,E14000951,County,79666,57267,
311,Hertsmere,E14000745,County,73753,50091,
312,Hexham,E14000746,County,60614,43345,
313,Heywood and Middleton,E14000747,County,79989,48538,
314,High Peak,E14000748,County,73336,50789,
315,Hitchin and Harpenden,E14000749,County,74839,55375,
316,Holborn and St Pancras,E14000750,Borough,86864,54917,
317,Hornchurch and Upminster,E14000751,Borough,79331,55236,
318,Hornsey and Wood Green,E14000752,Borough,79241,57785,
319,Horsham,E14000753,County,78181,56925,
320,Houghton and Sunderland South,E14000754,Borough,68316,38489,
321,Hove,E14000755,Borough,73505,52214,
322,Huddersfield,E14000756,Borough,65265,40478,
323,Kingston upon Hull East,E14000771,Borough,65606,35144,
324,Kingston upon Hull North,E14000772,Borough,63650,35336,
325,Kingston upon Hull West and Hessle,E14000773,Borough,59008,31803,
326,Huntingdon,E14000757,County,82404,55926,
327,Hyndburn,E14000758,Borough,68341,42887,
328,Ilford North,E14000759,Borough,78162,48932,
329,Ilford South,E14000760,Borough,95023,51912,
330,Inverclyde,S14000038,County,59350,44607,
331,"Inverness, Nairn, Badenoch and Strathspey",S14000039,County,77268,57613,
332,Ipswich,E14000761,Borough,74498,48694,
333,Isle of Wight,E14000762,County,108804,70300,
334,Islington North,E14000763,Borough,73325,49234,
335,Islington South and Finsbury,E14000764,Borough,68127,44270,
336,Islwyn,W07000077,County,55075,35401,
337,Jarrow,E14000765,Borough,63882,38564,
338,Keighley,E14000766,County,68865,49123,
339,Kenilworth and Southam,E14000767,County,65245,48791,
340,Kensington,E14000768,Borough,61333,34828,
341,Kettering,E14000769,County,70155,47218,
342,Kilmarnock and Loudoun,S14000040,County,75233,53903,
343,Kingston and Surbiton,E14000770,Borough,81277,59253,
344,Kingswood,E14000774,Borough,67992,48125,
345,Kirkcaldy and Cowdenbeath,S14000041,County,75941,52892,
346,Knowsley,E14000775,Borough,79109,50728,
347,Lagan Valley,N06000009,County,71140,39795,
348,Lanark and Hamilton East,S14000042,County,78846,55258,
349,West Lancashire,E14001033,County,70945,49676,
350,Lancaster and Fleetwood,E14000776,County,60883,41738,
351,Leeds Central,E14000777,Borough,81799,45048,
352,Leeds East,E14000778,Borough,64754,38196,
353,Leeds North East,E14000779,Borough,69097,48291,
354,Leeds North West,E14000780,Borough,61974,43357,
355,Leeds West,E14000781,Borough,64950,38423,
356,Leicester East,E14000782,Borough,75430,48068,
357,Leicester South,E14000783,Borough,73518,45942,
358,Leicester West,E14000784,Borough,63204,34522,
359,North West Leicestershire,E14000858,County,72194,51548,
360,South Leicestershire,E14000940,County,76877,53926,
361,Leigh,E14000785,County,75974,45123,
362,Lewes,E14000786,County,69481,50540,
363,"Lewisham, Deptford",E14000789,Borough,73426,47426,
364,Lewisham East,E14000787,Borough,73428,42923,
365,Lewisham West and Penge,E14000788,Borough,72289,48125,
366,Leyton and Wanstead,E14000790,Borough,64746,40705,
367,Lichfield,E14000791,County,83339,51467,
368,Lincoln,E14000792,Borough,74121,46852,
369,Linlithgow and East Falkirk,S14000043,County,86955,61597,
370,"Liverpool, Riverside",E14000793,Borough,70950,44263,
371,"Liverpool, Walton",E14000794,Borough,62868,38403,
372,"Liverpool, Wavertree",E14000795,Borough,61731,40974,
373,"Liverpool, West Derby",E14000796,Borough,63875,41031,
374,Livingston,S14000044,County,82373,57547,
375,Llanelli,W07000045,County,59314,38574,
376,East Londonderry,N06000006,County,66925,34714,
377,Loughborough,E14000797,County,72644,52020,
378,Louth and Horncastle,E14000798,County,74280,50336,
379,Ludlow,E14000799,County,66423,48063,
380,Luton North,E14000800,Borough,66533,42571,
381,Luton South,E14000801,Borough,67234,42216,
382,Macclesfield,E14000802,County,71580,49598,
383,Maidenhead,E14000803,County,74963,53855,
384,Maidstone and The Weald,E14000804,County,73181,50010,
385,Makerfield,E14000805,County,74370,44788,
386,Maldon,E14000806,County,69455,48045,
387,Manchester Central,E14000807,Borough,86078,45331,
388,"Manchester, Gorton",E14000808,Borough,72959,42019,
389,"Manchester, Withington",E14000809,Borough,74102,49966,
390,Mansfield,E14000810,County,77534,47193,
391,Meon Valley,E14000811,County,72738,51717,
392,Meriden,E14000812,County,81079,52603,
393,Merthyr Tydfil and Rhymney,W07000071,County,61719,32715,
394,Middlesbrough,E14000819,Borough,61868,32706,
395,Middlesbrough South and East Cleveland,E14000820,County,71153,45677,
396,Midlothian,S14000045,County,67875,48331,
397,Milton Keynes North,E14000821,County,84892,57692,
398,Milton Keynes South,E14000822,Borough,87968,58949,
399,Mitcham and Morden,E14000823,Borough,68474,45142,
400,Mole Valley,E14000824,County,74317,55140,
401,Monmouth,W07000054,County,65706,47462,
402,Montgomeryshire,W07000063,County,48491,33757,
403,Moray,S14000046,County,71685,49280,
404,Morecambe and Lunesdale,E14000825,County,66476,43242,
405,Morley and Outwood,E14000826,County,76179,48250,
406,Motherwell and Wishaw,S14000047,Burgh,70269,48237,
407,Na h-Eileanan an Iar,S14000027,County,21744,15938,
408,Neath,W07000069,County,56099,37135,
409,New Forest East,E14000827,County,72720,49447,
410,New Forest West,E14000828,County,68465,47410,
411,Newark,E14000829,County,73724,52302,
412,Newbury,E14000830,County,79058,57300,
413,Newcastle-under-Lyme,E14000834,Borough,66752,42997,
414,Newcastle upon Tyne Central,E14000831,Borough,61061,35085,
415,Newcastle upon Tyne East,E14000832,Borough,74112,39222,
416,Newcastle upon Tyne North,E14000833,Borough,67267,44891,
417,Newport East,W07000055,County,56018,35108,
418,Newport West,W07000056,County,62145,40347,
419,Newry and Armagh,N06000011,County,77622,49877,
420,Newton Abbot,E14000835,County,69743,48199,
421,Mid Norfolk,E14000816,County,76975,52212,
422,North Norfolk,E14000848,County,68958,49414,
423,North West Norfolk,E14000859,County,72400,47371,
424,South Norfolk,E14000941,County,78885,57123,
425,South West Norfolk,E14000952,County,76970,50110,
426,"Normanton, Pontefract and Castleford",E14000836,County,82592,45897,
427,Northampton North,E14000861,Borough,59147,39411,
428,Northampton South,E14000862,Borough,61284,38884,
429,South Northamptonshire,E14000942,County,85092,60862,
430,Norwich North,E14000863,Borough,65136,43592,
431,Norwich South,E14000864,Borough,74875,48463,
432,Nottingham East,E14000865,Borough,60464,35209,
433,Nottingham North,E14000866,Borough,65918,35343,
434,Nottingham South,E14000867,Borough,68987,43465,
435,Nuneaton,E14000868,County,68032,45749,
436,Ochil and South Perthshire,S14000050,County,77370,57871,
437,Ogmore,W07000074,County,55320,35250,
438,Old Bexley and Sidcup,E14000869,Borough,66035,46748,
439,Oldham East and Saddleworth,E14000870,County,72005,44483,
440,Oldham West and Royton,E14000871,Borough,72341,43137,
441,Orkney and Shetland,S14000051,County,34551,22728,
442,Orpington,E14000872,Borough,68129,49032,
443,Oxford East,E14000873,Borough,78974,50689,
444,Oxford West and Abingdon,E14000874,County,79767,57247,
445,Paisley and Renfrewshire North,S14000052,County,66206,50462,
446,Paisley and Renfrewshire South,S14000053,County,61281,46226,
447,Pendle,E14000875,Borough,64657,44448,
448,Penistone and Stocksbridge,E14000876,County,71048,46854,
449,Penrith and The Border,E14000877,County,65209,43921,
450,Perth and North Perthshire,S14000054,County,72447,54200,
451,Peterborough,E14000878,Borough,72521,47075,
452,"Plymouth, Moor View",E14000879,Borough,69146,42606,
453,"Plymouth, Sutton and Devonport",E14000880,Borough,69146,47963,
454,Pontypridd,W07000075,County,58929,37882,
455,Poole,E14000881,Borough,72557,47393,
456,Poplar and Limehouse,E14000882,Borough,82076,51044,
457,Portsmouth North,E14000883,Borough,73105,45390,
458,Portsmouth South,E14000884,Borough,71639,41903,
459,Preseli Pembrokeshire,W07000065,County,57291,40556,
460,Preston,E14000885,Borough,59981,33469,
461,Pudsey,E14000886,Borough,70533,50927,
462,Putney,E14000887,Borough,63918,42813,
463,Rayleigh and Wickford,E14000888,County,77870,53220,
464,Reading East,E14000889,Borough,74651,50494,
465,Reading West,E14000890,County,72302,48404,
466,Redcar,E14000891,Borough,64825,40919,
467,Redditch,E14000892,County,65529,44098,
468,Reigate,E14000893,Borough,73429,51349,
469,East Renfrewshire,S14000021,County,69982,56730,
470,Rhondda,W07000052,County,51809,31538,
471,Ribble Valley,E14000894,County,77873,52243,
472,Richmond (Yorks),E14000895,County,83451,53999,
473,Richmond Park,E14000896,Borough,77297,59101,
474,Rochdale,E14000897,County,79170,45430,
475,Rochester and Strood,E14000898,County,79000,52516,
476,Rochford and Southend East,E14000899,County,71935,43608,
477,Romford,E14000900,Borough,72594,49178,
478,Romsey and Southampton North,E14000901,County,66519,48398,
479,"Ross, Skye and Lochaber",S14000055,County,54169,41811,
480,Rossendale and Darwen,E14000902,Borough,84011,49024,
481,Rother Valley,E14000903,County,74275,47019,
482,Rotherham,E14000904,Borough,63698,37823,
483,Rugby,E14000905,County,79557,49006,
484,"Ruislip, Northwood and Pinner",E14000906,Borough,73219,51222,
485,Runnymede and Weybridge,E14000907,County,73744,50052,
486,Rushcliffe,E14000908,County,73294,55164,
487,Rutherglen and Hamilton West,S14000056,Burgh,82701,57615,
488,Rutland and Melton,E14000909,County,79789,54603,
489,Saffron Walden,E14000910,County,80615,57563,
490,St Albans,E14000960,County,72507,54433,
491,St Austell and Newquay,E14000961,County,76607,50361,
492,St Helens North,E14000962,Borough,75262,46256,
493,St Helens South and Whiston,E14000963,Borough,77720,48397,
494,St Ives,E14000964,County,65570,48312,
495,Salford and Eccles,E14000911,Borough,74290,43261,
496,Salisbury,E14000912,County,69590,50705,
497,Scarborough and Whitby,E14000913,County,73511,47739,
498,Scunthorpe,E14000914,County,64010,36941,
499,Sedgefield,E14000915,County,62860,38716,
500,Sefton Central,E14000916,County,67746,49021,
501,Selby and Ainsty,E14000917,County,76082,52804,
502,Sevenoaks,E14000918,County,70741,50124,
503,"Sheffield, Brightside and Hillsborough",E14000921,Borough,73090,40053,
504,Sheffield Central,E14000919,Borough,77014,44173,
505,"Sheffield, Hallam",E14000922,County,73658,55481,
506,"Sheffield, Heeley",E14000923,Borough,69265,42048,
507,Sheffield South East,E14000920,Borough,70422,41685,
508,Sherwood,E14000924,County,73334,50698,
509,Shipley,E14000925,County,70466,50542,
510,Shrewsbury and Atcham,E14000926,County,76460,54102,
511,North Shropshire,E14000849,County,78910,52573,
512,Sittingbourne and Sheppey,E14000927,County,76018,49378,
513,Skipton and Ripon,E14000928,County,76243,54559,
514,Sleaford and North Hykeham,E14000929,County,88188,61944,
515,Slough,E14000930,Borough,86366,48275,
516,Solihull,E14000931,Borough,77251,54779,
517,North Somerset,E14000850,County,80115,58942,
518,North East Somerset,E14000846,County,69380,51110,
519,Somerton and Frome,E14000932,County,83527,60309,
520,South Holland and The Deepings,E14000939,County,77015,49207,
521,South Ribble,E14000943,County,76489,52370,
522,South Shields,E14000944,Borough,62730,36265,
523,"Southampton, Itchen",E14000955,Borough,72309,44710,
524,"Southampton, Test",E14000956,Borough,70285,43652,
525,Southend West,E14000957,Borough,66876,44509,
526,Southport,E14000958,Borough,67328,44101,
527,Spelthorne,E14000959,Borough,71592,49079,
528,Stafford,E14000965,County,68705,48767,
529,Staffordshire Moorlands,E14000966,County,63104,42587,
530,South Staffordshire,E14000945,County,84243,49598,
531,Stalybridge and Hyde,E14000967,County,69081,41034,
532,Stevenage,E14000968,County,70597,47799,
533,Stirling,S14000057,County,67236,52135,
534,Stockport,E14000969,Borough,63931,39649,
535,Stockton North,E14000970,Borough,66126,39571,
536,Stockton South,E14000971,Borough,75109,51797,
537,Stoke-on-Trent Central,E14000972,Borough,62250,31084,
538,Stoke-on-Trent North,E14000973,Borough,72689,38654,
539,Stoke-on-Trent South,E14000974,Borough,68788,39107,
540,Stone,E14000975,County,67339,47031,
541,Stourbridge,E14000976,Borough,69077,46029,
542,Strangford,N06000016,County,64286,33924,
543,Stratford-on-Avon,E14000977,County,70914,51459,
544,Streatham,E14000978,Borough,78673,49933,
545,Stretford and Urmston,E14000979,Borough,69490,46386,
546,Stroud,E14000980,County,80522,60819,
547,Central Suffolk and North Ipswich,E14000624,County,78782,54089,
548,Suffolk Coastal,E14000981,County,78782,55594,
549,South Suffolk,E14000946,County,73220,51907,
550,West Suffolk,E14001034,County,76197,49232,
551,Sunderland Central,E14000982,Borough,72933,41762,
552,East Surrey,E14000681,County,79654,56103,
553,Surrey Heath,E14000983,County,79515,54431,
554,South West Surrey,E14000953,County,77050,57119,
555,Mid Sussex,E14000817,County,79520,57492,
556,Sutton and Cheam,E14000984,Borough,69160,49905,
557,Sutton Coldfield,E14000985,Borough,74956,50854,
558,Swansea East,W07000048,Borough,58011,33618,
559,Swansea West,W07000047,Borough,58776,35156,
560,North Swindon,E14000851,County,81005,52242,
561,South Swindon,E14000947,County,73956,49263,
562,Tamworth,E14000986,County,71912,47174,
563,Tatton,E14000987,County,64512,45298,
564,Taunton Deane,E14000988,County,81830,57887,
565,Telford,E14000989,Borough,66166,40645,
566,Tewkesbury,E14000990,County,78500,55344,
567,North Thanet,E14000852,County,70504,47053,
568,South Thanet,E14000948,County,70182,49401,
569,Thirsk and Malton,E14000993,County,77451,52365,
570,Thornbury and Yate,E14000994,County,65884,48570,
571,Thurrock,E14000995,Borough,77569,49564,
572,Tiverton and Honiton,E14000996,County,76270,53763,
573,Tonbridge and Malling,E14000997,County,74877,53670,
574,Tooting,E14000998,Borough,76778,53529,
575,Torbay,E14000999,Borough,76259,48079,
576,Torfaen,W07000053,County,61896,37937,
577,Totnes,E14001001,County,68630,47097,
578,Tottenham,E14001002,Borough,70809,42558,
579,Truro and Falmouth,E14001003,County,73601,51544,
580,Tunbridge Wells,E14001004,County,73429,51428,
581,Twickenham,E14001005,Borough,80242,62004,
582,Tynemouth,E14001006,Borough,77523,53495,
583,North Tyneside,E14000853,Borough,79286,46818,
584,West Tyrone,N06000018,County,63854,38654,
585,Mid Ulster,N06000010,County,67831,40922,
586,Upper Bann,N06000017,County,80052,47219,
587,Uxbridge and South Ruislip,E14001007,Borough,70634,44811,
588,Vale of Clwyd,W07000060,County,56505,35261,
589,Vale of Glamorgan,W07000078,County,72187,51293,
590,Vauxhall,E14001008,Borough,81698,47941,
591,Wakefield,E14001009,County,70521,42973,
592,Wallasey,E14001010,Borough,65495,43366,
593,Walsall North,E14001011,Borough,67080,36883,
594,Walsall South,E14001012,Borough,67743,41838,
595,Walthamstow,E14001013,Borough,67289,41796,
596,Wansbeck,E14001014,County,63273,38528,
597,Wantage,E14001015,County,83516,58320,
598,Warley,E14001016,Borough,63740,37829,
599,Warrington North,E14001017,Borough,72632,45419,
600,Warrington South,E14001018,Borough,85566,59353,
601,Warwick and Leamington,E14001019,Borough,71570,50581,
602,North Warwickshire,E14000854,County,70152,47377,
603,Washington and Sunderland West,E14001020,Borough,68188,37257,
604,Watford,E14001021,Borough,84270,56149,
605,Waveney,E14001022,County,80171,52196,
606,Wealden,E14001023,County,80252,57017,
607,Weaver Vale,E14001024,County,68407,46867,
608,Wellingborough,E14001025,County,77127,50430,
609,Wells,E14001026,County,79405,56904,
610,Welwyn Hatfield,E14001027,County,73264,50205,
611,Wentworth and Dearne,E14001028,County,74283,43189,
612,West Bromwich East,E14001029,Borough,63641,37492,
613,West Bromwich West,E14001030,Borough,65533,35026,
614,West Ham,E14001032,Borough,90634,52793,
615,Westminster North,E14001036,Borough,62346,39514,
616,Westmorland and Lonsdale,E14001037,County,65857,48929,
617,Weston-Super-Mare,E14001038,County,79493,52552,
618,Wigan,E14001039,County,76068,45293,
619,North Wiltshire,E14000860,County,67858,50556,
620,South West Wiltshire,E14000954,County,73030,51643,
621,Wimbledon,E14001040,Borough,65853,48422,
622,Winchester,E14001041,County,74119,55316,
623,Windsor,E14001042,County,74119,50160,
624,Wirral South,E14001043,County,56956,41837,
625,Wirral West,E14001044,County,55377,41858,
626,Witham,E14001045,County,67090,47168,
627,Witney,E14001046,County,79767,58482,
628,Woking,E14001047,County,74287,51964,
629,Wokingham,E14001048,County,77881,55999,
630,Wolverhampton North East,E14001049,Borough,61073,34003,
631,Wolverhampton South East,E14001050,Borough,62561,34764,
632,Wolverhampton South West,E14001051,Borough,60375,40209,
633,Worcester,E14001052,Borough,71003,49723,
634,Mid Worcestershire,E14000818,County,73069,52225,
635,West Worcestershire,E14001035,County,73415,54100,
636,Workington,E14001053,County,58672,38463,
637,Worsley and Eccles South,E14001054,County,72174,42048,
638,East Worthing and Shoreham,E14000682,County,74272,49898,
639,Worthing West,E14001055,Borough,75617,50763,
640,The Wrekin,E14000992,County,65942,45437,
641,Wrexham,W07000044,County,50992,32719,
642,Wycombe,E14001056,County,76371,51439,
643,Wyre and Preston North,E14001057,County,70697,49893,
644,Wyre Forest,E14001058,County,77451,49440,
645,Wythenshawe and Sale East,E14001059,Borough,75980,43263,
646,Yeovil,E14001060,County,82446,56933,
647,Ynys Môn,W07000041,County,49944,34926,
648,York Central,E14001061,Borough,75351,47677,
649,York Outer,E14001062,County,78561,53903,
650,East Yorkshire,E14000683,County,81030,49991,
